calendar_date,year_number,month_number,day_number
2026-06-19,2026,6,19
2026-06-28,2026,6,28
2026-07-14,2026,7,14
2026-07-26,2026,7,26
2026-06-27,2026,6,27
2026-07-19,2026,7,19
2026-07-20,2026,7,20
2026-07-31,2026,7,31
2026-08-08,2026,8,8
2026-08-21,2026,8,21
2026-08-23,2026,8,23
2026-06-06,2026,6,6
2026-06-26,2026,6,26
2026-08-24,2026,8,24
2026-08-25,2026,8,25
2026-06-04,2026,6,4
2026-06-20,2026,6,20
2026-07-10,2026,7,10
2026-07-12,2026,7,12
2026-07-13,2026,7,13
2026-08-02,2026,8,2
2026-08-06,2026,8,6
2026-08-13,2026,8,13
2026-06-17,2026,6,17
2026-07-03,2026,7,3
2026-07-15,2026,7,15
2026-08-11,2026,8,11
2026-06-03,2026,6,3
2026-06-30,2026,6,30
2026-08-22,2026,8,22
2026-08-28,2026,8,28
2026-06-01,2026,6,1
2026-07-17,2026,7,17
2026-07-29,2026,7,29
2026-08-07,2026,8,7
2026-08-27,2026,8,27
2026-06-24,2026,6,24
2026-07-02,2026,7,2
2026-07-25,2026,7,25
2026-08-05,2026,8,5
2026-08-12,2026,8,12
2026-08-15,2026,8,15
2026-08-16,2026,8,16
2026-08-29,2026,8,29
2026-06-08,2026,6,8
2026-06-15,2026,6,15
2026-06-29,2026,6,29
2026-08-04,2026,8,4
2026-06-11,2026,6,11
2026-06-13,2026,6,13
2026-06-23,2026,6,23
2026-06-25,2026,6,25
2026-07-24,2026,7,24
2026-08-03,2026,8,3
2026-08-09,2026,8,9
2026-07-07,2026,7,7
2026-07-09,2026,7,9
2026-07-11,2026,7,11
2026-07-22,2026,7,22
2026-07-30,2026,7,30
2026-08-20,2026,8,20
2026-06-02,2026,6,2
2026-06-10,2026,6,10
2026-07-08,2026,7,8
2026-07-21,2026,7,21
2026-08-10,2026,8,10
2026-08-26,2026,8,26
2026-06-22,2026,6,22
2026-07-01,2026,7,1
2026-07-05,2026,7,5
2026-07-23,2026,7,23
2026-08-01,2026,8,1
2026-06-05,2026,6,5
2026-06-16,2026,6,16
2026-06-18,2026,6,18
2026-06-21,2026,6,21
2026-07-16,2026,7,16
2026-07-18,2026,7,18
2026-08-17,2026,8,17
2026-06-07,2026,6,7
2026-06-09,2026,6,9
2026-06-12,2026,6,12
2026-07-06,2026,7,6
2026-08-14,2026,8,14
2026-08-18,2026,8,18
2026-06-14,2026,6,14
2026-07-04,2026,7,4
2026-07-27,2026,7,27
2026-07-28,2026,7,28
2026-08-19,2026,8,19
